# T12 Outlier summary per parameter - paper section 4.2  |  run run_20261008_020607
parameter,n,missing,mean,q1,q3,lower_fence,upper_fence,n_iqr_outliers,n_zscore_gt3,min,max
dissolved_oxygen_mg_l,941,0,1.707,0.58,2.7,-2.6,5.88,7,7,0.0,7.48
ph,785,156,7.599,7.22,7.97,6.095,9.095,1,0,6.01,8.94
temperature_c,198,743,30.168,28.5,31.875,23.438,36.937,0,0,25.95,35.0
bod_mg_l,941,0,43.43,16.0,59.0,-48.5,123.5,37,18,2.0,289.0
tss_mg_l,785,156,28.512,13.0,33.0,-17.0,63.0,54,17,2.0,330.0
color_tcu,198,743,63.788,40.0,80.0,-20.0,140.0,19,5,10.0,250.0
fecal_coliform_mpn,250,691,1.19059576e7,370000.0,8.875e6,-1.23875e7,2.16325e7,24,1,1300.0,9.2e8
total_coliform_mpn,587,354,2.4942733349e7,790000.0,9.2e6,-1.1825e7,2.1815e7,66,3,1.8,3.5e9
ammonia_mg_l,587,354,13.654,4.552,19.397,-17.716,41.664,11,7,0.0,124.0
nitrates_mg_l,785,156,0.259,0.048,0.299,-0.328,0.676,74,21,0.005,2.037
phosphates_mg_l,785,156,14.491,0.897,2.976,-2.222,6.094,19,5,0.085,3103.0
chlorides_mg_l,245,696,3443.777,63.0,1269.0,-1746.0,3078.0,45,3,1.073,104662.0
