# T15 Descriptive statistics before vs after - paper section 4.3  |  run run_20261008_020607
parameter,n_before,mean_before,median_before,sd_before,min_before,max_before,n_after,mean_after,median_after,sd_after,min_after,max_after
dissolved_oxygen_mg_l,940,1.708,1.2,1.439,0.0,7.48,941,1.707,1.2,1.439,0.0,7.48
ph,783,7.599,7.65,0.534,6.01,8.94,785,7.599,7.65,0.533,6.01,8.94
temperature_c,198,30.168,29.975,2.227,25.95,35.0,198,30.168,29.975,2.227,25.95,35.0
bod_mg_l,934,43.42,31.0,39.967,2.0,289.0,941,43.43,31.0,39.834,2.0,289.0
tss_mg_l,780,28.585,22.0,27.744,2.0,330.0,785,28.512,22.0,27.681,2.0,330.0
color_tcu,193,64.378,40.0,49.643,10.0,250.0,198,63.788,40.0,49.151,10.0,250.0
fecal_coliform_mpn,249,1.131120241e7,2.4e6,6.0229347724e7,1300.0,9.2e8,250,1.19059576e7,2.4e6,6.083945422e7,1300.0,9.2e8
total_coliform_mpn,516,2.7665495492e7,3.5e6,2.2169500958e8,4.0,3.5e9,587,2.4942733349e7,3.5e6,2.0796913e8,1.8,3.5e9
ammonia_mg_l,551,13.452,10.863,12.104,0.0,124.0,587,13.654,11.286,11.929,0.0,124.0
nitrates_mg_l,586,0.33,0.198,0.349,0.005,2.037,785,0.259,0.144,0.326,0.005,2.037
phosphates_mg_l,781,14.555,1.669,162.103,0.085,3103.0,785,14.491,1.681,161.691,0.085,3103.0
chlorides_mg_l,245,3443.777,195.0,11492.164,1.073,104662.0,245,3443.777,195.0,11492.164,1.073,104662.0
